Country Name,Country Code,Indicator Name,Indicator Code,2014,2015,2016,2017,2018,2019,2020,2021
Aruba,ABW,"GDP per capita, PPP (current international $)",NY.GDP.PCAP.PP.CD,36846.84829,37343.91296,37583.84032,38865.1882,41679.23819,42501.64155,34971.00991,42698.35987
Africa Eastern and Southern,AFE,"GDP per capita, PPP (current international $)",NY.GDP.PCAP.PP.CD,3470.550675,3498.125396,3591.099809,3635.564622,3724.868177,3777.972368,3621.058106,3839.470058
Afghanistan,AFG,"GDP per capita, PPP (current international $)",NY.GDP.PCAP.PP.CD,2110.829568,2128.125938,2023.834656,2096.093111,2109.929296,2167.704111,2076.13838,1665.805842
Africa Western and Central,AFW,"GDP per capita, PPP (current international $)",NY.GDP.PCAP.PP.CD,4143.177054,4075.994459,3998.951876,4045.303263,4160.540965,4264.731035,4174.504565,4409.450961
Angola,AGO,"GDP per capita, PPP (current international $)",NY.GDP.PCAP.PP.CD,8123.048065,7274.090475,7027.146634,7216.061373,7042.923829,6881.076241,6362.636076,6491.125578
Albania,ALB,"GDP per capita, PPP (current international $)",NY.GDP.PCAP.PP.CD,11259.30368,11658.8949,12078.79933,12770.98786,13498.19612,14407.46075,14035.35478,15814.41157
Andorra,AND,"GDP per capita, PPP (current international $)",NY.GDP.PCAP.PP.CD,45682.2462308595,38885.3760140905,39932.1644867147,40632.4843928243,42903.4435794631,41327.5020305489,37207.4938608348,42137.3272710372
Arab World,ARB,"GDP per capita, PPP (current international $)",NY.GDP.PCAP.PP.CD,15565.99215,14055.95326,13594.67648,14052.54691,14463.36425,14634.45595,13914.58349,14793.88131
United Arab Emirates,ARE,"GDP per capita, PPP (current international $)",NY.GDP.PCAP.PP.CD,78859.08912,69705.70486,68853.81977,71182.37071,73259.90487,74811.69022,71374.18105,76609.198
Argentina,ARG,"GDP per capita, PPP (current international $)",NY.GDP.PCAP.PP.CD,19683.77151,20105.19899,20307.87005,23597.11775,23290.67574,23003.27718,20763.28855,23649.6703
Armenia,ARM,"GDP per capita, PPP (current international $)",NY.GDP.PCAP.PP.CD,10114.93984,10132.31898,10966.85333,12509.63961,13547.5314,14921.81932,14089.23938,15592.48736
American Samoa,ASM,"GDP per capita, PPP (current international $)",NY.GDP.PCAP.PP.CD,,,,,,,,
Antigua and Barbuda,ATG,"GDP per capita, PPP (current international $)",NY.GDP.PCAP.PP.CD,19748.62538,19674.5633,20790.41917,20777.87403,22612.88181,24007.86848,19276.56881,21010.00357
Australia,AUS,"GDP per capita, PPP (current international $)",NY.GDP.PCAP.PP.CD,46882.18557,46251.40868,47249.43482,48400.24579,50192.95733,51909.0151,53066.49099,55947.05223
Austria,AUT,"GDP per capita, PPP (current international $)",NY.GDP.PCAP.PP.CD,48799.71547,49865.90394,52684.01711,54172.98679,56960.09143,59756.68655,56999.93985,59552.65428
Azerbaijan,AZE,"GDP per capita, PPP (current international $)",NY.GDP.PCAP.PP.CD,17443.87826,14938.40113,14371.02274,14121.40694,14549.0619,15051.56128,14478.52445,15854.55084
Burundi,BDI,"GDP per capita, PPP (current international $)",NY.GDP.PCAP.PP.CD,728.8700603,797.0501141,766.5872206,750.7876163,758.1376112,760.4533989,750.3130621,774.5428909
Belgium,BEL,"GDP per capita, PPP (current international $)",NY.GDP.PCAP.PP.CD,44929.68559,46200.90445,48597.39998,50442.27054,52535.23222,55753.84945,54202.52007,59387.88027
Benin,BEN,"GDP per capita, PPP (current international $)",NY.GDP.PCAP.PP.CD,2745.858612,2792.609645,2901.264671,2933.837384,3112.797453,3289.655169,3360.987416,3649.04065
Burkina Faso,BFA,"GDP per capita, PPP (current international $)",NY.GDP.PCAP.PP.CD,1637.928051,1657.916107,1833.433053,1978.155012,2100.222262,2199.116626,2208.398229,2394.705365
Bangladesh,BGD,"GDP per capita, PPP (current international $)",NY.GDP.PCAP.PP.CD,3997.286701,4216.719739,4558.563895,4830.776083,5246.923588,5697.949218,5897.588948,6493.809393
Bulgaria,BGR,"GDP per capita, PPP (current international $)",NY.GDP.PCAP.PP.CD,17616.95407,18391.89681,20074.26479,21469.97089,23016.0668,25170.216,25296.17616,28113.05118
Bahrain,BHR,"GDP per capita, PPP (current international $)",NY.GDP.PCAP.PP.CD,52073.98462,45900.70303,45281.30192,48929.44701,50106.7864,51869.45545,50468.2538,54256.77143
"Bahamas, The",BHS,"GDP per capita, PPP (current international $)",NY.GDP.PCAP.PP.CD,31761.27531,32260.82696,32341.20981,34357.27066,35564.95145,36645.82112,28119.24723,33188.73247
Bosnia and Herzegovina,BIH,"GDP per capita, PPP (current international $)",NY.GDP.PCAP.PP.CD,11148.38783,11687.12226,12716.4099,13400.04111,14584.2302,15898.34818,15644.34166,17492.93011
Belarus,BLR,"GDP per capita, PPP (current international $)",NY.GDP.PCAP.PP.CD,19008.06102,18095.66518,17785.9432,18356.10077,19428.00746,20092.88037,20278.47395,21698.57409
Belize,BLZ,"GDP per capita, PPP (current international $)",NY.GDP.PCAP.PP.CD,9246.723753,9317.196836,9161.625047,8873.754025,9008.736618,9409.597799,8124.983932,9626.573571
Bermuda,BMU,"GDP per capita, PPP (current international $)",NY.GDP.PCAP.PP.CD,68775.44674,71873.22806,76362.05141,81834.95587,83368.62255,85129.07046,80286.44209,88185.46587
Bolivia,BOL,"GDP per capita, PPP (current international $)",NY.GDP.PCAP.PP.CD,6920.778861,6992.127581,7345.826843,8244.933445,8668.553853,8888.701149,8100.529346,8846.081965
Brazil,BRA,"GDP per capita, PPP (current international $)",NY.GDP.PCAP.PP.CD,15664.80174,14692.63231,14208.16111,14477.86177,14968.85475,15304.9077,14789.87856,16031.08617
Barbados,BRB,"GDP per capita, PPP (current international $)",NY.GDP.PCAP.PP.CD,15575.95073,15947.42152,16370.74562,16198.96216,16386.19132,16628.16857,14561.85925,15110.95733
Brunei Darussalam,BRN,"GDP per capita, PPP (current international $)",NY.GDP.PCAP.PP.CD,80027.9853,61572.6217,55477.4694,60173.05113,61075.28206,64016.75443,64977.30631,66055.2483
Bhutan,BTN,"GDP per capita, PPP (current international $)",NY.GDP.PCAP.PP.CD,8462.798599,9303.945982,10275.16059,10986.88814,11502.15678,12295.18374,11124.66713,11983.31697
Botswana,BWA,"GDP per capita, PPP (current international $)",NY.GDP.PCAP.PP.CD,14338.57408,13420.5066,15277.04232,14656.77299,15319.52686,15756.04378,14287.51059,16304.15336
Central African Republic,CAF,"GDP per capita, PPP (current international $)",NY.GDP.PCAP.PP.CD,670.1038234,733.7495807,787.4711684,839.6000095,875.065113,898.1373028,894.1933731,920.0784701
Canada,CAN,"GDP per capita, PPP (current international $)",NY.GDP.PCAP.PP.CD,45753.75055,44670.08054,46472.34025,48317.17458,49992.76228,49783.53283,47126.77616,52712.24896
Central Europe and the Baltics,CEB,"GDP per capita, PPP (current international $)",NY.GDP.PCAP.PP.CD,24922.4771,26130.66301,27749.20283,29826.24274,32000.75878,34934.33777,34762.17167,37579.79768
Switzerland,CHE,"GDP per capita, PPP (current international $)",NY.GDP.PCAP.PP.CD,64103.01045,66020.20434,68105.15498,69103.57026,71660.20684,73716.24187,71991.24338,77140.07199
Channel Islands,CHI,"GDP per capita, PPP (current international $)",NY.GDP.PCAP.PP.CD,,,,,,,,
Chile,CHL,"GDP per capita, PPP (current international $)",NY.GDP.PCAP.PP.CD,22779.42767,22691.48662,23492.28786,24546.91242,25564.53672,25608.59602,24806.86723,28367.93577
China,CHN,"GDP per capita, PPP (current international $)",NY.GDP.PCAP.PP.CD,12480.33853,12897.50229,13483.37727,14243.53261,15495.54842,16652.0988,17189.28179,19338.23408
Cote d'Ivoire,CIV,"GDP per capita, PPP (current international $)",NY.GDP.PCAP.PP.CD,4254.230896,4579.814769,4650.670064,4750.936451,5067.861554,5343.001606,5377.785528,5850.051925
Cameroon,CMR,"GDP per capita, PPP (current international $)",NY.GDP.PCAP.PP.CD,3369.32489,3437.789826,3559.13512,3691.094724,3821.671109,3915.051508,3866.254472,4065.31161
"Congo, Dem. Rep.",COD,"GDP per capita, PPP (current international $)",NY.GDP.PCAP.PP.CD,824.4124376,877.6808352,932.4051652,1023.539833,1073.289169,1104.624423,1101.250402,1179.499142
"Congo, Rep.",COG,"GDP per capita, PPP (current international $)",NY.GDP.PCAP.PP.CD,5681.772202,4448.916586,3687.580949,4073.926085,3876.869795,3851.010258,3570.016965,3553.287985
Colombia,COL,"GDP per capita, PPP (current international $)",NY.GDP.PCAP.PP.CD,13390.03195,13378.67515,13971.33959,14334.91461,15161.31797,15872.30898,15117.86292,16884.67928
Comoros,COM,"GDP per capita, PPP (current international $)",NY.GDP.PCAP.PP.CD,2887.065504,2884.774852,3053.302585,3240.17917,3373.545867,3429.531083,3398.849344,3546.843502
Cabo Verde,CPV,"GDP per capita, PPP (current international $)",NY.GDP.PCAP.PP.CD,5455.468333,5696.665827,6014.305554,6320.342096,6690.56938,7123.550529,6084.456051,6716.956331
Costa Rica,CRI,"GDP per capita, PPP (current international $)",NY.GDP.PCAP.PP.CD,15905.14794,16925.17941,18898.07522,20168.22048,21144.40977,22608.23216,21611.06287,22526.43573
Caribbean small states,CSS,"GDP per capita, PPP (current international $)",NY.GDP.PCAP.PP.CD,15957.91665,15725.92504,15493.71692,16175.34053,16645.40497,17049.11465,15873.37712,17323.61226
Cuba,CUB,"GDP per capita, PPP (current international $)",NY.GDP.PCAP.PP.CD,,,,,,,,
Curacao,CUW,"GDP per capita, PPP (current international $)",NY.GDP.PCAP.PP.CD,24495.6341,24221.15367,23953.9408,24599.93783,24771.60103,24657.76304,20681.24467,22832.19418
Cayman Islands,CYM,"GDP per capita, PPP (current international $)",NY.GDP.PCAP.PP.CD,64432.35057,65087.71734,66970.31359,69534.77191,72743.31905,75458.5687,70767.81292,74155.27789
Cyprus,CYP,"GDP per capita, PPP (current international $)",NY.GDP.PCAP.PP.CD,30171.14258,31922.34961,35878.41406,38415.10938,40676.61719,44038.86719,41421.70313,44393.76172
Czechia,CZE,"GDP per capita, PPP (current international $)",NY.GDP.PCAP.PP.CD,32502.47535,33899.28657,36097.70526,38824.88792,41135.49298,44203.96731,42716.45785,45719.0388
Germany,DEU,"GDP per capita, PPP (current international $)",NY.GDP.PCAP.PP.CD,47011.55109,47609.781,50579.68393,53071.45557,55235.3663,57399.01117,55854.36366,58290.73692
Djibouti,DJI,"GDP per capita, PPP (current international $)",NY.GDP.PCAP.PP.CD,3897.114312,4144.97437,4263.133406,4451.683846,4699.019074,4969.34926,5014.237415,5397.679018
Dominica,DMA,"GDP per capita, PPP (current international $)",NY.GDP.PCAP.PP.CD,11179.86614,11327.08141,12159.62077,11511.60642,12132.38264,12918.56411,10817.4239,11950.55716
Denmark,DNK,"GDP per capita, PPP (current international $)",NY.GDP.PCAP.PP.CD,47901.44736,49045.33919,51976.00571,55356.68078,57482.9624,60094.3935,60979.84817,64688.59555
Dominican Republic,DOM,"GDP per capita, PPP (current international $)",NY.GDP.PCAP.PP.CD,13321.76707,14564.94695,15911.15439,16524.53384,17901.81933,18937.96314,17686.75904,20462.51713
Algeria,DZA,"GDP per capita, PPP (current international $)",NY.GDP.PCAP.PP.CD,13058.12457,12071.81418,11685.45142,11809.48303,12006.01024,12118.0045,11438.69116,12128.27499
East Asia & Pacific (excluding high income),EAP,"GDP per capita, PPP (current international $)",NY.GDP.PCAP.PP.CD,11456.1778,11777.31128,12296.33685,12968.75984,14037.28243,15016.85309,15249.28336,16894.57791
Early-demographic dividend,EAR,"GDP per capita, PPP (current international $)",NY.GDP.PCAP.PP.CD,8153.016906,8253.233234,8552.754892,8957.86274,9398.11203,9668.36658,9253.012964,10114.51977
East Asia & Pacific,EAS,"GDP per capita, PPP (current international $)",NY.GDP.PCAP.PP.CD,14693.70714,15108.82064,15609.09967,16329.77865,17427.70775,18369.74659,18556.29758,20249.84628
Europe & Central Asia (excluding high income),ECA,"GDP per capita, PPP (current international $)",NY.GDP.PCAP.PP.CD,19647.5809,19179.95965,19571.83693,20765.97718,22196.51152,22957.57418,22782.03857,24980.91563
Europe & Central Asia,ECS,"GDP per capita, PPP (current international $)",NY.GDP.PCAP.PP.CD,30492.03974,30917.1548,32333.8129,34019.22535,35736.60824,37586.54089,36383.76966,39231.63646
Ecuador,ECU,"GDP per capita, PPP (current international $)",NY.GDP.PCAP.PP.CD,11708.653,11071.29472,11068.85685,11679.43023,11885.74545,11870.9364,10924.18012,11720.64464
"Egypt, Arab Rep.",EGY,"GDP per capita, PPP (current international $)",NY.GDP.PCAP.PP.CD,10306.91589,10890.24179,10593.7478,10435.91719,11041.38689,11652.5738,12004.12593,12706.40445
Euro area,EMU,"GDP per capita, PPP (current international $)",NY.GDP.PCAP.PP.CD,39947.02632,41035.12297,43529.85145,45607.16041,47536.85873,50323.05504,48042.83338,51077.17133
Eritrea,ERI,"GDP per capita, PPP (current international $)",NY.GDP.PCAP.PP.CD,,,,,,,,
Spain,ESP,"GDP per capita, PPP (current international $)",NY.GDP.PCAP.PP.CD,33525.74063,34903.12748,37286.21343,39528.92539,40696.38768,43069.3811,38122.55197,40602.0702
Estonia,EST,"GDP per capita, PPP (current international $)",NY.GDP.PCAP.PP.CD,28945.46533,29175.92593,31312.7523,33821.93291,36249.35815,38961.59744,38536.45808,42391.73005
Ethiopia,ETH,"GDP per capita, PPP (current international $)",NY.GDP.PCAP.PP.CD,1488.625755,1630.877462,1848.661116,1987.968754,2116.848258,2273.734896,2376.635601,2547.716814
European Union,EUU,"GDP per capita, PPP (current international $)",NY.GDP.PCAP.PP.CD,37060.68946,38218.56408,40548.84183,42657.74155,44651.97999,47487.02288,45725.1905,48779.38244
Fragile and conflict affected situations,FCS,"GDP per capita, PPP (current international $)",NY.GDP.PCAP.PP.CD,4594.118202,4391.934905,4440.906145,4581.341865,4727.62317,4823.01217,4592.304208,4766.288631
Finland,FIN,"GDP per capita, PPP (current international $)",NY.GDP.PCAP.PP.CD,41757.40219,42497.70498,44934.44821,47570.13358,49580.6052,51810.26131,52295.8407,55217.28456
Fiji,FJI,"GDP per capita, PPP (current international $)",NY.GDP.PCAP.PP.CD,10738.26639,11755.08618,11999.67766,12822.0136,13629.17212,13800.19987,11567.53537,11380.5695
France,FRA,"GDP per capita, PPP (current international $)",NY.GDP.PCAP.PP.CD,40144.02683,40849.99738,42924.61363,44577.06457,46537.47404,50500.96076,47976.43834,51009.35185
Faroe Islands,FRO,"GDP per capita, PPP (current international $)",NY.GDP.PCAP.PP.CD,,,,,,,,
"Micronesia, Fed. Sts.",FSM,"GDP per capita, PPP (current international $)",NY.GDP.PCAP.PP.CD,3166.362211,3332.464763,3381.858244,3522.288311,3597.811883,3690.219681,3644.970925,3642.095394
Gabon,GAB,"GDP per capita, PPP (current international $)",NY.GDP.PCAP.PP.CD,14721.90115,14113.82767,13749.83255,14478.13031,14595.00234,15089.03985,14664.71093,15175.68734
United Kingdom,GBR,"GDP per capita, PPP (current international $)",NY.GDP.PCAP.PP.CD,41580.60249,42912.87509,44635.29956,46372.3866,47573.48802,49661.60386,46759.08256,50860.47964
Georgia,GEO,"GDP per capita, PPP (current international $)",NY.GDP.PCAP.PP.CD,11575.54721,12089.16941,12858.4834,13589.70739,14593.92448,15621.87366,14731.20059,17013.56632
Ghana,GHA,"GDP per capita, PPP (current international $)",NY.GDP.PCAP.PP.CD,5376.308829,5021.788687,4811.572816,4929.567954,5247.692258,5571.564866,5551.786802,5971.125009
Gibraltar,GIB,"GDP per capita, PPP (current international $)",NY.GDP.PCAP.PP.CD,,,,,,,,
Guinea,GIN,"GDP per capita, PPP (current international $)",NY.GDP.PCAP.PP.CD,1775.501628,1789.018453,2045.094368,2383.578867,2530.768638,2652.5568,2746.73328,2900.668958
"Gambia, The",GMB,"GDP per capita, PPP (current international $)",NY.GDP.PCAP.PP.CD,1874.262665,1913.415347,1918.697016,1927.039942,2060.671783,2171.234263,2154.485618,2281.305526
Guinea-Bissau,GNB,"GDP per capita, PPP (current international $)",NY.GDP.PCAP.PP.CD,1338.015633,1551.034122,1697.129045,1872.309281,1896.128317,1970.322278,1902.407505,2011.94848
Equatorial Guinea,GNQ,"GDP per capita, PPP (current international $)",NY.GDP.PCAP.PP.CD,29197.69173,20858.09644,17771.5628,19617.84471,18189.37669,16925.78796,15961.11386,16080.14326
Greece,GRC,"GDP per capita, PPP (current international $)",NY.GDP.PCAP.PP.CD,26625.06181,26760.3633,27511.80102,28604.86094,29617.54834,31138.77582,28402.86745,31493.8515
Grenada,GRD,"GDP per capita, PPP (current international $)",NY.GDP.PCAP.PP.CD,12039.16096,13036.56082,13810.38775,14869.98257,15769.67576,16043.4798,13896.98274,15037.84954
Greenland,GRL,"GDP per capita, PPP (current international $)",NY.GDP.PCAP.PP.CD,,,,,,,,
Guatemala,GTM,"GDP per capita, PPP (current international $)",NY.GDP.PCAP.PP.CD,7758.49317,8194.440681,8221.746427,8322.21681,8671.443375,9037.688376,8849.717743,9806.82822
Guam,GUM,"GDP per capita, PPP (current international $)",NY.GDP.PCAP.PP.CD,,,,,,,,
Guyana,GUY,"GDP per capita, PPP (current international $)",NY.GDP.PCAP.PP.CD,11130.49447,11382.24238,11479.46201,12193.62168,12669.84096,13361.57321,19439.93098,24086.90092
High income,HIC,"GDP per capita, PPP (current international $)",NY.GDP.PCAP.PP.CD,44446.65448,45205.32184,46515.91245,48405.63822,50430.82403,52344.18268,50740.06451,54775.04688
"Hong Kong SAR, China",HKG,"GDP per capita, PPP (current international $)",NY.GDP.PCAP.PP.CD,54781.64716,56408.93627,57225.09,59842.213,62513.95681,62103.42761,58949.46595,65891.69471
Honduras,HND,"GDP per capita, PPP (current international $)",NY.GDP.PCAP.PP.CD,4368.555682,4729.153322,5043.871489,5447.698792,5694.121701,5850.582832,5303.514499,6121.565844
Heavily indebted poor countries (HIPC),HPC,"GDP per capita, PPP (current international $)",NY.GDP.PCAP.PP.CD,2292.079733,2337.044769,2420.32018,2494.346076,2586.450385,2669.714178,2633.377108,2767.495507
Croatia,HRV,"GDP per capita, PPP (current international $)",NY.GDP.PCAP.PP.CD,22360.96227,23338.24207,25260.21693,27206.96541,28909.41085,31588.1113,29690.03418,34543.72213
Haiti,HTI,"GDP per capita, PPP (current international $)",NY.GDP.PCAP.PP.CD,3004.286967,2934.78504,3120.340108,3187.789761,3273.521318,3232.49563,3121.145757,3153.12702
Hungary,HUN,"GDP per capita, PPP (current international $)",NY.GDP.PCAP.PP.CD,25699.7505,26806.59525,27947.63769,29501.12042,31913.07466,34541.22577,34064.74405,36774.3376
IBRD only,IBD,"GDP per capita, PPP (current international $)",NY.GDP.PCAP.PP.CD,11399.53427,11484.39292,11898.32072,12513.21985,13335.39245,13973.59016,13758.22228,15181.07939
IDA & IBRD total,IBT,"GDP per capita, PPP (current international $)",NY.GDP.PCAP.PP.CD,9409.0632,9477.415887,9789.907957,10253.88558,10887.19409,11369.33551,11169.04364,12242.15512
IDA total,IDA,"GDP per capita, PPP (current international $)",NY.GDP.PCAP.PP.CD,3459.629729,3544.356101,3630.18675,3735.433679,3918.604798,4062.615434,4016.9292,4257.456919
IDA blend,IDB,"GDP per capita, PPP (current international $)",NY.GDP.PCAP.PP.CD,4740.472572,4826.136656,4829.802465,4909.035246,5132.647023,5263.213884,5151.235977,5536.66907
Indonesia,IDN,"GDP per capita, PPP (current international $)",NY.GDP.PCAP.PP.CD,10233.98527,10219.17641,10482.699,10941.92095,11669.71728,12358.24225,12146.40679,13027.30061
IDA only,IDX,"GDP per capita, PPP (current international $)",NY.GDP.PCAP.PP.CD,2819.932654,2906.423047,3038.516325,3160.646322,3326.466494,3480.754104,3470.481332,3640.013469
Isle of Man,IMN,"GDP per capita, PPP (current international $)",NY.GDP.PCAP.PP.CD,,,,,,,,
India,IND,"GDP per capita, PPP (current international $)",NY.GDP.PCAP.PP.CD,5187.255759,5412.336239,5778.269614,6112.06665,6589.913808,6887.538348,6448.870196,7241.98423
Not classified,INX,"GDP per capita, PPP (current international $)",NY.GDP.PCAP.PP.CD,,,,,,,,
Ireland,IRL,"GDP per capita, PPP (current international $)",NY.GDP.PCAP.PP.CD,51098.26668,69028.77272,71498.60101,77749.20196,84555.6348,89671.31072,93950.69491,105381.8446
"Iran, Islamic Rep.",IRN,"GDP per capita, PPP (current international $)",NY.GDP.PCAP.PP.CD,15704.91642,13828.43857,14661.83944,15163.29231,14978.43347,14678.77788,15222.75974,16484.07536
Iraq,IRQ,"GDP per capita, PPP (current international $)",NY.GDP.PCAP.PP.CD,13005.7538,9198.737829,8920.041235,9976.854942,10233.83233,10733.99471,9408.295527,9846.0415
Iceland,ISL,"GDP per capita, PPP (current international $)",NY.GDP.PCAP.PP.CD,45996.96875,49201.0641,53480.39719,55638.49206,57211.30031,60077.14984,54719.61671,57981.95056
Israel,ISR,"GDP per capita, PPP (current international $)",NY.GDP.PCAP.PP.CD,34366.18102,35469.9502,37843.19463,39121.29583,39906.12468,40475.64194,39619.10176,43442.25636
Italy,ITA,"GDP per capita, PPP (current international $)",NY.GDP.PCAP.PP.CD,36194.87392,36899.38521,39926.95466,41581.12079,43036.24378,45799.39752,43038.97013,46385.26035
Jamaica,JAM,"GDP per capita, PPP (current international $)",NY.GDP.PCAP.PP.CD,8823.114362,9095.919824,9533.839562,9984.577117,10403.50501,10676.72547,9701.890533,10542.73779
Jordan,JOR,"GDP per capita, PPP (current international $)",NY.GDP.PCAP.PP.CD,9457.596745,9237.718198,9056.909871,9629.102999,9813.481906,9954.268404,9707.404182,10132.50388
Japan,JPN,"GDP per capita, PPP (current international $)",NY.GDP.PCAP.PP.CD,39555.41201,40898.80697,40596.96866,41444.21574,42116.47435,42314.93768,41612.23639,42250.97246
Kazakhstan,KAZ,"GDP per capita, PPP (current international $)",NY.GDP.PCAP.PP.CD,24726.47287,23224.11784,23818.82483,24862.96612,26154.60194,27463.97155,26750.44623,28684.89806
Kenya,KEN,"GDP per capita, PPP (current international $)",NY.GDP.PCAP.PP.CD,3421.245961,3763.763686,4025.841747,4312.908917,4571.478085,4795.403612,4744.739268,5211.170533
Kyrgyz Republic,KGZ,"GDP per capita, PPP (current international $)",NY.GDP.PCAP.PP.CD,4281.824074,4214.829509,4681.174733,5046.691535,5255.783473,5480.293907,4985.029555,5289.687125
Cambodia,KHM,"GDP per capita, PPP (current international $)",NY.GDP.PCAP.PP.CD,3198.673549,3411.577267,3708.369109,3972.724164,4318.381235,4652.708167,4510.372357,4783.903614
Kiribati,KIR,"GDP per capita, PPP (current international $)",NY.GDP.PCAP.PP.CD,1811.689674,1980.668736,1960.613473,1962.319554,2082.314269,2074.526963,2051.357672,2128.076638
St. Kitts and Nevis,KNA,"GDP per capita, PPP (current international $)",NY.GDP.PCAP.PP.CD,26463.46539,26571.20493,27952.8489,29333.39318,30666.01387,32511.29829,28162.94691,29097.1867
"Korea, Rep.",KOR,"GDP per capita, PPP (current international $)",NY.GDP.PCAP.PP.CD,35324.49767,37902.4004,39575.45428,40957.41806,43044.29176,43410.3022,44694.7337,46875.29098
Kuwait,KWT,"GDP per capita, PPP (current international $)",NY.GDP.PCAP.PP.CD,68766.26849,46346.70359,43678.51632,50007.29954,50112.25997,49311.69846,46328.07946,
Latin America & Caribbean (excluding high income),LAC,"GDP per capita, PPP (current international $)",NY.GDP.PCAP.PP.CD,14772.54967,14544.65262,14762.02929,15363.22034,15791.6395,15972.7235,14974.88056,16343.13742
Lao PDR,LAO,"GDP per capita, PPP (current international $)",NY.GDP.PCAP.PP.CD,5828.375007,6126.440613,6798.360308,7211.259089,7726.617001,8170.958382,8189.14621,8620.647618
Lebanon,LBN,"GDP per capita, PPP (current international $)",NY.GDP.PCAP.PP.CD,14985.5237,15379.59978,16588.08663,17808.07689,18400.26671,17896.94322,14535.68092,14256.68971
Liberia,LBR,"GDP per capita, PPP (current international $)",NY.GDP.PCAP.PP.CD,1367.668463,1272.596565,1393.543985,1533.411238,1558.087849,1517.072239,1459.614277,1563.552927
Libya,LBY,"GDP per capita, PPP (current international $)",NY.GDP.PCAP.PP.CD,20809.59303,22163.1408,21871.7681,24212.91093,26348.96072,23486.54486,17851.01172,24130.82983
St. Lucia,LCA,"GDP per capita, PPP (current international $)",NY.GDP.PCAP.PP.CD,13989.28523,13815.50965,14584.53015,15247.45884,15996.00791,16113.31752,12289.2503,14332.22151
Latin America & Caribbean,LCN,"GDP per capita, PPP (current international $)",NY.GDP.PCAP.PP.CD,15264.40502,15057.24921,15315.71393,15950.88588,16430.75574,16653.7275,15627.27364,17116.31231
Least developed countries: UN classification,LDC,"GDP per capita, PPP (current international $)",NY.GDP.PCAP.PP.CD,2638.257397,2694.632343,2810.877317,2925.151081,3070.202671,3215.922273,3212.820885,3335.93272
Low income,LIC,"GDP per capita, PPP (current international $)",NY.GDP.PCAP.PP.CD,1788.348763,1839.733848,1932.369587,1971.678524,2041.459443,2099.184775,2074.996974,2151.657736
Liechtenstein,LIE,"GDP per capita, PPP (current international $)",NY.GDP.PCAP.PP.CD,179457.9179259,167805.956932057,165844.985381318,170874.293821817,175283.631807644,167019.618092859,157754.954373893,
Sri Lanka,LKA,"GDP per capita, PPP (current international $)",NY.GDP.PCAP.PP.CD,11706.82083,12208.01199,13056.64225,13584.19311,14081.61687,14214.65121,13812.95748,14706.54132
Lower middle income,LMC,"GDP per capita, PPP (current international $)",NY.GDP.PCAP.PP.CD,6196.659785,6291.358953,6555.49687,6842.90534,7258.592709,7566.15411,7310.420509,7955.079428
Low & middle income,LMY,"GDP per capita, PPP (current international $)",NY.GDP.PCAP.PP.CD,9135.774617,9193.62093,9489.524708,9931.949816,10544.7437,11000.07306,10806.11044,11846.7248
Lesotho,LSO,"GDP per capita, PPP (current international $)",NY.GDP.PCAP.PP.CD,2734.859882,2990.952647,2894.83384,2571.694113,2602.168342,2640.02831,2417.728659,2521.530663
Late-demographic dividend,LTE,"GDP per capita, PPP (current international $)",NY.GDP.PCAP.PP.CD,14722.35499,14748.71103,15206.73424,16040.75403,17284.36163,18334.68211,18471.62144,20456.86868
Lithuania,LTU,"GDP per capita, PPP (current international $)",NY.GDP.PCAP.PP.CD,28184.47233,28834.42768,30925.17085,33761.87124,36376.18982,39911.46361,39916.77921,43195.93726
Luxembourg,LUX,"GDP per capita, PPP (current international $)",NY.GDP.PCAP.PP.CD,105296.2846,107859.686,113365.1761,114985.8422,116965.5861,120175.3259,118973.0565,133363.6667
Latvia,LVA,"GDP per capita, PPP (current international $)",NY.GDP.PCAP.PP.CD,23815.80006,24972.78609,26721.7262,28673.5634,30877.04193,32894.0684,32106.09665,34266.66467
"Macao SAR, China",MAC,"GDP per capita, PPP (current international $)",NY.GDP.PCAP.PP.CD,149325.1718,113813.739,112351.2772,122977.509,131505.7046,128005.7819,58179.5128,71185.65564
St. Martin (French part),MAF,"GDP per capita, PPP (current international $)",NY.GDP.PCAP.PP.CD,,,,,,,,
Morocco,MAR,"GDP per capita, PPP (current international $)",NY.GDP.PCAP.PP.CD,7149.036133,7669.945313,7693.057129,7921.619141,8264.929688,8564.418945,7959.256348,8852.914063
Monaco,MCO,"GDP per capita, PPP (current international $)",NY.GDP.PCAP.PP.CD,195780.006892569,170337.924412652,174610.636971733,173612.864622391,194280.82214105,199377.481831603,182538.638340211,234315.460503547
Moldova,MDA,"GDP per capita, PPP (current international $)",NY.GDP.PCAP.PP.CD,8824.382367,9250.123271,10606.63211,11651.18635,12663.23105,13580.11657,12870.01602,15390.46583
Madagascar,MDG,"GDP per capita, PPP (current international $)",NY.GDP.PCAP.PP.CD,1515.5983,1508.442706,1568.389357,1548.156425,1594.527151,1652.385832,1514.861688,1607.935225
Maldives,MDV,"GDP per capita, PPP (current international $)",NY.GDP.PCAP.PP.CD,16694.58606,17512.96413,18225.96857,18973.56896,20262.26277,21442.73873,14154.25248,20615.37308
Middle East & North Africa,MEA,"GDP per capita, PPP (current international $)",NY.GDP.PCAP.PP.CD,17480.62773,15778.26074,15543.48786,16126.45066,16521.00609,16668.63733,16121.9195,17276.6916
Mexico,MEX,"GDP per capita, PPP (current international $)",NY.GDP.PCAP.PP.CD,18299.95519,18561.72076,19612.14849,20032.40861,20448.92162,20224.29089,18522.00217,19578.40381
Marshall Islands,MHL,"GDP per capita, PPP (current international $)",NY.GDP.PCAP.PP.CD,3873.881115,4076.827692,4294.662935,4634.936846,5073.508106,5885.399062,6023.737797,6549.621884
Middle income,MIC,"GDP per capita, PPP (current international $)",NY.GDP.PCAP.PP.CD,9942.60903,10012.53904,10344.427,10844.90418,11535.8274,12055.29833,11860.59085,13038.16324
North Macedonia,MKD,"GDP per capita, PPP (current international $)",NY.GDP.PCAP.PP.CD,13434.84875,13888.30114,15137.93452,15706.4827,16796.38792,18007.24891,17324.81483,18344.26907
Mali,MLI,"GDP per capita, PPP (current international $)",NY.GDP.PCAP.PP.CD,1847.910072,1957.003495,2103.008648,2153.845638,2237.78923,2312.700701,2240.140931,2329.706181
Malta,MLT,"GDP per capita, PPP (current international $)",NY.GDP.PCAP.PP.CD,34344.0922,37455.12315,39705.64187,43508.78326,45561.4737,48741.08128,44587.7103,48906.66314
Myanmar,MMR,"GDP per capita, PPP (current international $)",NY.GDP.PCAP.PP.CD,4104.83876,4200.876849,4120.737169,4312.947389,4665.131222,5033.365324,5218.024537,4430.222427
Middle East & North Africa (excluding high income),MNA,"GDP per capita, PPP (current international $)",NY.GDP.PCAP.PP.CD,10855.8349,10206.56834,10270.84733,10561.91731,10811.86845,10930.91211,10660.8031,11444.00319
Montenegro,MNE,"GDP per capita, PPP (current international $)",NY.GDP.PCAP.PP.CD,15371.20421,16332.84202,18199.30712,19682.29415,21513.42634,23792.47834,20510.76077,23440.43799
Mongolia,MNG,"GDP per capita, PPP (current international $)",NY.GDP.PCAP.PP.CD,11198.3214,10769.25436,10832.48254,11431.49802,12340.22442,12983.80399,12305.71791,12818.87945
Northern Mariana Islands,MNP,"GDP per capita, PPP (current international $)",NY.GDP.PCAP.PP.CD,,,,,,,,
Mozambique,MOZ,"GDP per capita, PPP (current international $)",NY.GDP.PCAP.PP.CD,1149.878037,1300.828948,1370.244908,1287.234867,1323.78513,1339.42552,1300.510773,1347.720024
Mauritania,MRT,"GDP per capita, PPP (current international $)",NY.GDP.PCAP.PP.CD,4393.08554,4306.676799,4829.604325,5259.065063,5495.439826,5738.00988,5605.920294,5830.817088
Mauritius,MUS,"GDP per capita, PPP (current international $)",NY.GDP.PCAP.PP.CD,18878.92226,19747.9099,21313.30635,22148.62439,23573.53412,24681.05184,21331.81412,23035.283
Malawi,MWI,"GDP per capita, PPP (current international $)",NY.GDP.PCAP.PP.CD,1513.425447,1429.208235,1437.616573,1454.777492,1513.744566,1581.75721,1571.180296,1638.152251
Malaysia,MYS,"GDP per capita, PPP (current international $)",NY.GDP.PCAP.PP.CD,24012.82509,24164.95584,24864.04533,25935.1427,27476.92011,28842.38839,27245.62042,28929.4742
North America,NAC,"GDP per capita, PPP (current international $)",NY.GDP.PCAP.PP.CD,54188.06728,55554.45921,56724.76313,58746.95762,61504.08788,63525.2646,61394.23896,67578.38767
Namibia,NAM,"GDP per capita, PPP (current international $)",NY.GDP.PCAP.PP.CD,10609.20989,10783.27452,10582.81823,10335.26742,10511.43048,10432.02821,9543.712734,10038.73827
New Caledonia,NCL,"GDP per capita, PPP (current international $)",NY.GDP.PCAP.PP.CD,,,,,,,,
Niger,NER,"GDP per capita, PPP (current international $)",NY.GDP.PCAP.PP.CD,1134.741716,1138.113651,1146.010418,1155.973559,1221.772862,1268.827795,1281.061929,1303.567363
Nigeria,NGA,"GDP per capita, PPP (current international $)",NY.GDP.PCAP.PP.CD,5415.86121,5342.035991,5159.580444,5120.005598,5211.372976,5290.614333,5131.526238,5407.979457
Nicaragua,NIC,"GDP per capita, PPP (current international $)",NY.GDP.PCAP.PP.CD,4889.214186,5230.528231,5618.066546,5915.375443,5771.299827,5574.739132,5465.507439,6194.70035
Netherlands,NLD,"GDP per capita, PPP (current international $)",NY.GDP.PCAP.PP.CD,49233.2154,50288.59139,52288.41508,55088.6338,57826.6285,60208.42217,60090.70166,63757.84759
Norway,NOR,"GDP per capita, PPP (current international $)",NY.GDP.PCAP.PP.CD,65892.68928,60368.92087,58939.91261,64050.75617,69808.32941,69266.12565,64167.28631,80554.98108
Nepal,NPL,"GDP per capita, PPP (current international $)",NY.GDP.PCAP.PP.CD,2887.631573,2931.620495,2925.532146,3495.5288,3808.162443,4087.611166,3967.820179,4209.759393
Nauru,NRU,"GDP per capita, PPP (current international $)",NY.GDP.PCAP.PP.CD,11919.67845,12211.35462,12492.76767,11746.62695,12501.6449,12507.09241,12613.06808,13125.34837
New Zealand,NZL,"GDP per capita, PPP (current international $)",NY.GDP.PCAP.PP.CD,37293.35679,37479.68298,39933.57444,42218.53771,42520.75442,45926.13915,45375.93462,47286.2378
OECD members,OED,"GDP per capita, PPP (current international $)",NY.GDP.PCAP.PP.CD,39319.99386,40425.47977,41788.91243,43383.66034,45078.01122,46651.39829,45128.7345,48602.55254
Oman,OMN,"GDP per capita, PPP (current international $)",NY.GDP.PCAP.PP.CD,44573.97419,36449.08849,33800.29205,34218.38813,35029.43773,35241.22234,34910.85327,37676.0574
Other small states,OSS,"GDP per capita, PPP (current international $)",NY.GDP.PCAP.PP.CD,24942.91053,21211.05847,20675.44396,22107.65336,22710.27853,23376.16263,22168.25195,23649.94056
Pakistan,PAK,"GDP per capita, PPP (current international $)",NY.GDP.PCAP.PP.CD,4474.062166,4652.609874,4733.546102,4891.719774,5235.594795,5375.218711,5278.418602,5748.005952
Panama,PAN,"GDP per capita, PPP (current international $)",NY.GDP.PCAP.PP.CD,22971.0796,25392.14167,27902.76813,30526.37985,31869.2188,32874.89103,26907.35892,31900.94175
Peru,PER,"GDP per capita, PPP (current international $)",NY.GDP.PCAP.PP.CD,11410.32919,11481.46456,11933.60033,12442.74646,12999.55076,13272.65083,11789.02928,13748.53362
Philippines,PHL,"GDP per capita, PPP (current international $)",NY.GDP.PCAP.PP.CD,6905.113046,7122.724735,7614.773193,8001.75648,8565.59071,9100.385478,8198.967501,8892.789346
Palau,PLW,"GDP per capita, PPP (current international $)",NY.GDP.PCAP.PP.CD,16460.48991,17880.5766,18022.44262,17594.68886,18007.2459,18348.51234,16825.88544,15144.56896
Papua New Guinea,PNG,"GDP per capita, PPP (current international $)",NY.GDP.PCAP.PP.CD,3530.499072,3704.96272,3851.264927,3966.947432,3957.278466,4114.483535,3946.507514,4040.039446
Poland,POL,"GDP per capita, PPP (current international $)",NY.GDP.PCAP.PP.CD,25316.33154,26822.66425,28165.83655,29958.12071,32027.60273,34976.04445,35315.71726,38134.83339
Pre-demographic dividend,PRE,"GDP per capita, PPP (current international $)",NY.GDP.PCAP.PP.CD,3600.476579,3417.744417,3406.345273,3493.007017,3573.092468,3653.504206,3512.444546,3669.896682
Puerto Rico,PRI,"GDP per capita, PPP (current international $)",NY.GDP.PCAP.PP.CD,33682.85003,34016.02235,34346.86733,34363.75463,35040.69498,36261.06526,34160.86163,35850.32193
"Korea, Dem. People's Rep.",PRK,"GDP per capita, PPP (current international $)",NY.GDP.PCAP.PP.CD,,,,,,,,
Portugal,PRT,"GDP per capita, PPP (current international $)",NY.GDP.PCAP.PP.CD,28742.44038,29660.89607,31607.75424,33044.71674,34928.54353,37299.28777,34880.52066,36047.09967
Paraguay,PRY,"GDP per capita, PPP (current international $)",NY.GDP.PCAP.PP.CD,12411.30209,12436.23468,13024.14989,13604.17472,14179.34127,14184.11579,14046.65222,15037.18964
West Bank and Gaza,PSE,"GDP per capita, PPP (current international $)",NY.GDP.PCAP.PP.CD,5510.13293,5954.400784,6305.391803,6401.740891,6469.152794,6509.035299,5698.412057,6199.451018
Pacific island small states,PSS,"GDP per capita, PPP (current international $)",NY.GDP.PCAP.PP.CD,6208.334357,6614.791127,6770.469622,7104.110889,7421.629228,7512.776566,6585.424447,6486.196007
Post-demographic dividend,PST,"GDP per capita, PPP (current international $)",NY.GDP.PCAP.PP.CD,43122.02521,44214.88335,45709.02682,47519.63188,49524.01726,51432.42687,49745.41267,53636.93166
French Polynesia,PYF,"GDP per capita, PPP (current international $)",NY.GDP.PCAP.PP.CD,,,,,,,,
Qatar,QAT,"GDP per capita, PPP (current international $)",NY.GDP.PCAP.PP.CD,143332.9077,98787.37849,84998.46792,92177.59594,93646.64443,94674.31214,93894.25275,102018.1159
Romania,ROU,"GDP per capita, PPP (current international $)",NY.GDP.PCAP.PP.CD,20632.22127,21624.52338,23904.70386,26943.34774,29568.18681,33066.74087,33336.08977,36109.75069
Russian Federation,RUS,"GDP per capita, PPP (current international $)",NY.GDP.PCAP.PP.CD,25761.64844,24085.32422,24128.08594,25926.44336,28821.26172,30067.74023,29936.92969,32966.35938
Rwanda,RWA,"GDP per capita, PPP (current international $)",NY.GDP.PCAP.PP.CD,1663.992648,1762.17678,1841.107989,1934.972955,2099.426124,2283.888816,2180.877349,2459.707347
South Asia,SAS,"GDP per capita, PPP (current international $)",NY.GDP.PCAP.PP.CD,4984.6727,5199.590657,5519.964665,5827.134159,6270.287925,6553.236743,6219.147687,6920.703409
Saudi Arabia,SAU,"GDP per capita, PPP (current international $)",NY.GDP.PCAP.PP.CD,53628.9972,47079.05005,44160.28801,45795.51353,46935.98441,46852.29817,45240.67609,48710.94768
Sudan,SDN,"GDP per capita, PPP (current international $)",NY.GDP.PCAP.PP.CD,4544.037109,4519.487305,4813.868652,4613.950195,4453.113281,4307.567383,4087.006104,4065.976074
Senegal,SEN,"GDP per capita, PPP (current international $)",NY.GDP.PCAP.PP.CD,2872.119811,3017.350576,3126.431885,3259.19258,3449.340995,3575.266048,3569.209139,3840.032959
Singapore,SGP,"GDP per capita, PPP (current international $)",NY.GDP.PCAP.PP.CD,84423.19134,86974.74762,89436.59811,95310.33386,100686.2371,102431.3157,99681.29415,116486.4732
Solomon Islands,SLB,"GDP per capita, PPP (current international $)",NY.GDP.PCAP.PP.CD,2459.601194,2462.833156,2561.138317,2625.089026,2696.198024,2727.306675,2604.354881,2648.732207
Sierra Leone,SLE,"GDP per capita, PPP (current international $)",NY.GDP.PCAP.PP.CD,1756.720272,1555.700297,1561.45038,1593.483529,1648.628867,1725.562684,1673.065019,1773.899246
El Salvador,SLV,"GDP per capita, PPP (current international $)",NY.GDP.PCAP.PP.CD,7332.904449,7712.372705,8174.474125,8617.921708,9022.725378,9402.17161,8720.011997,9981.88602
San Marino,SMR,"GDP per capita, PPP (current international $)",NY.GDP.PCAP.PP.CD,54688.305,55117.61929,56893.47223,58201.5271,60305.1391,62611.49478,59451.03424,
Somalia,SOM,"GDP per capita, PPP (current international $)",NY.GDP.PCAP.PP.CD,939.6101818,1086.16498,1127.866195,1059.143932,1124.735945,1186.326829,1189.162288,1248.812487
Serbia,SRB,"GDP per capita, PPP (current international $)",NY.GDP.PCAP.PP.CD,14659.61688,14928.43681,15858.01082,16611.04793,17717.99113,19404.99209,19557.52604,21647.3051
Sub-Saharan Africa (excluding high income),SSA,"GDP per capita, PPP (current international $)",NY.GDP.PCAP.PP.CD,3741.119909,3730.130815,3753.683824,3798.869879,3898.608303,3972.363208,3842.783834,4067.575768
South Sudan,SSD,"GDP per capita, PPP (current international $)",NY.GDP.PCAP.PP.CD,1407.699028,1181.931603,,,,,,
Sub-Saharan Africa,SSF,"GDP per capita, PPP (current international $)",NY.GDP.PCAP.PP.CD,3743.068513,3732.075948,3755.791924,3801.060885,3900.869856,3974.682146,3844.879529,4069.889126
Small states,SST,"GDP per capita, PPP (current international $)",NY.GDP.PCAP.PP.CD,22096.10023,19298.53867,18881.3531,20128.66314,20701.91443,21298.18031,20119.26657,21500.15752
Sao Tome and Principe,STP,"GDP per capita, PPP (current international $)",NY.GDP.PCAP.PP.CD,3782.98004,3805.342338,3862.70804,3934.8942,4082.642683,4183.119385,4280.949702,4451.642512
Suriname,SUR,"GDP per capita, PPP (current international $)",NY.GDP.PCAP.PP.CD,16764.04271,16721.29593,14633.19259,17753.06027,18878.84078,19227.8401,16168.69082,16222.6757
Slovak Republic,SVK,"GDP per capita, PPP (current international $)",NY.GDP.PCAP.PP.CD,28929.52636,29964.88861,29645.74189,30061.55147,31214.59257,33318.58191,32441.99523,33426.97998
Slovenia,SVN,"GDP per capita, PPP (current international $)",NY.GDP.PCAP.PP.CD,30870.02367,31628.24718,33936.04406,36507.55304,38961.54435,41970.43143,40782.64124,43815.93884
Sweden,SWE,"GDP per capita, PPP (current international $)",NY.GDP.PCAP.PP.CD,47184.66913,49103.13343,50430.25282,51947.95425,53521.63064,56404.3002,55569.24566,59237.61323
Eswatini,SWZ,"GDP per capita, PPP (current international $)",NY.GDP.PCAP.PP.CD,8557.265279,8580.639991,8488.449304,8213.920625,8542.312783,8860.058796,8744.438693,9730.068125
Sint Maarten (Dutch part),SXM,"GDP per capita, PPP (current international $)",NY.GDP.PCAP.PP.CD,38858.58146,38211.83319,38230.03186,37914.12297,35973.1825,,,
Seychelles,SYC,"GDP per capita, PPP (current international $)",NY.GDP.PCAP.PP.CD,24682.86364,24739.96499,26824.75405,28116.71049,29427.16472,30609.05759,28351.85683,31596.15966
Syrian Arab Republic,SYR,"GDP per capita, PPP (current international $)",NY.GDP.PCAP.PP.CD,,,,,,,,
Turks and Caicos Islands,TCA,"GDP per capita, PPP (current international $)",NY.GDP.PCAP.PP.CD,22273.0244,23730.15895,25190.06425,25207.83169,26178.73841,27028.02442,19486.65314,20337.69338
Chad,TCD,"GDP per capita, PPP (current international $)",NY.GDP.PCAP.PP.CD,1672.98072,1816.288184,1660.984878,1579.7606,1600.897168,1627.920102,1570.742918,1566.041161
East Asia & Pacific (IDA & IBRD countries),TEA,"GDP per capita, PPP (current international $)",NY.GDP.PCAP.PP.CD,11585.00711,11909.39452,12433.87599,13113.37684,14193.4954,15183.74794,15418.67646,17082.36046
Europe & Central Asia (IDA & IBRD countries),TEC,"GDP per capita, PPP (current international $)",NY.GDP.PCAP.PP.CD,20194.32545,19965.14457,20526.37055,21849.94656,23380.83376,24448.2713,24311.00805,26595.18956
Togo,TGO,"GDP per capita, PPP (current international $)",NY.GDP.PCAP.PP.CD,1748.833205,1840.648552,1915.58503,1972.697196,2069.246648,2168.331916,2180.16961,2334.299325
Thailand,THA,"GDP per capita, PPP (current international $)",NY.GDP.PCAP.PP.CD,15143.39573,15466.76063,16231.25449,17008.03842,18091.161,18763.50902,17771.30717,18760.75522
Tajikistan,TJK,"GDP per capita, PPP (current international $)",NY.GDP.PCAP.PP.CD,3273.932495,3124.539399,3092.853611,3236.439344,3486.438745,3726.172928,3851.942913,4288.16789
Turkmenistan,TKM,"GDP per capita, PPP (current international $)",NY.GDP.PCAP.PP.CD,13022.10516,13213.05015,13375.22898,13703.51272,14663.27316,15625.36066,,
Latin America & the Caribbean (IDA & IBRD countries),TLA,"GDP per capita, PPP (current international $)",NY.GDP.PCAP.PP.CD,15183.69523,14971.89622,15231.3791,15872.30506,16354.12095,16569.45371,15549.498,17036.13278
Timor-Leste,TLS,"GDP per capita, PPP (current international $)",NY.GDP.PCAP.PP.CD,2696.941139,2889.809058,3117.111939,3138.438745,3144.170469,3895.548594,5122.48822,5528.580523
Middle East & North Africa (IDA & IBRD countries),TMN,"GDP per capita, PPP (current international $)",NY.GDP.PCAP.PP.CD,10918.12169,10256.2446,10317.35475,10610.85157,10863.35353,10983.73776,10720.62492,11507.80471
Tonga,TON,"GDP per capita, PPP (current international $)",NY.GDP.PCAP.PP.CD,5341.840873,5484.438821,5926.576629,6256.981273,6438.099983,6612.070539,6705.102442,6748.512118
South Asia (IDA & IBRD),TSA,"GDP per capita, PPP (current international $)",NY.GDP.PCAP.PP.CD,4984.6727,5199.590657,5519.964665,5827.134159,6270.287925,6553.236743,6219.147687,6920.703409
Sub-Saharan Africa (IDA & IBRD countries),TSS,"GDP per capita, PPP (current international $)",NY.GDP.PCAP.PP.CD,3743.068513,3732.075948,3755.791924,3801.060885,3900.869856,3974.682146,3844.879529,4069.889126
Trinidad and Tobago,TTO,"GDP per capita, PPP (current international $)",NY.GDP.PCAP.PP.CD,29782.12719,27660.74159,25968.172,26213.92451,26144.87064,26374.6734,24672.3557,25308.49072
Tunisia,TUN,"GDP per capita, PPP (current international $)",NY.GDP.PCAP.PP.CD,10671.9324,10471.21333,10634.50162,10874.94689,11310.57703,11552.56755,10571.90084,11282.48463
Turkiye,TUR,"GDP per capita, PPP (current international $)",NY.GDP.PCAP.PP.CD,23817.97178,25392.28737,26122.1133,27582.83235,27802.54778,27708.43079,27724.38862,30452.09672
Tuvalu,TUV,"GDP per capita, PPP (current international $)",NY.GDP.PCAP.PP.CD,3387.500376,3785.429926,4049.092499,4208.92376,4370.147154,5019.833864,5104.660032,5409.511692
Tanzania,TZA,"GDP per capita, PPP (current international $)",NY.GDP.PCAP.PP.CD,2205.886719,2301.057617,2417.691406,2458.342773,2570.953613,2686.455078,2690.924561,2836.242432
Uganda,UGA,"GDP per capita, PPP (current international $)",NY.GDP.PCAP.PP.CD,2121.454381,2171.237146,2141.124329,2128.396869,2239.152597,2344.975879,2363.192032,2467.899337
Ukraine,UKR,"GDP per capita, PPP (current international $)",NY.GDP.PCAP.PP.CD,10743.58594,10164.32715,11148.19629,11860.56055,12631.65723,13345.38281,13087.30957,14219.79004
Upper middle income,UMC,"GDP per capita, PPP (current international $)",NY.GDP.PCAP.PP.CD,14757.22418,14826.58238,15279.80465,16094.07736,17186.88358,18031.46096,17970.3759,19926.04334
Uruguay,URY,"GDP per capita, PPP (current international $)",NY.GDP.PCAP.PP.CD,20145.62268,20272.19177,22522.6243,23106.99819,23738.50796,24238.13305,23024.09891,25048.72397
United States,USA,"GDP per capita, PPP (current international $)",NY.GDP.PCAP.PP.CD,55123.84979,56762.72945,57866.74493,59914.7778,62805.25376,65094.79943,63027.67953,69287.53659
Uzbekistan,UZB,"GDP per capita, PPP (current international $)",NY.GDP.PCAP.PP.CD,6494.859941,6680.184701,6796.904892,6840.70986,7252.137355,7658.27241,7746.430969,8497.448308
St. Vincent and the Grenadines,VCT,"GDP per capita, PPP (current international $)",NY.GDP.PCAP.PP.CD,12199.75598,12425.47802,13530.46664,13633.04812,14421.42936,14788.84181,14211.48403,15045.30178
"Venezuela, RB",VEN,"GDP per capita, PPP (current international $)",NY.GDP.PCAP.PP.CD,,,,,,,,
British Virgin Islands,VGB,"GDP per capita, PPP (current international $)",NY.GDP.PCAP.PP.CD,,,,,,,,
Virgin Islands (U.S.),VIR,"GDP per capita, PPP (current international $)",NY.GDP.PCAP.PP.CD,,,,,,,,
Vietnam,VNM,"GDP per capita, PPP (current international $)",NY.GDP.PCAP.PP.CD,7240.73594,7595.686738,8277.684129,9050.688534,9866.217883,10684.68628,11022.957,11676.10856
Vanuatu,VUT,"GDP per capita, PPP (current international $)",NY.GDP.PCAP.PP.CD,2806.791359,2778.249817,2867.340123,3031.190628,3117.789034,3199.933726,2992.173313,3057.4114
World,WLD,"GDP per capita, PPP (current international $)",NY.GDP.PCAP.PP.CD,14955.22493,15091.55412,15517.28612,16155.82438,16958.33512,17607.6918,17150.56708,18607.4129
Samoa,WSM,"GDP per capita, PPP (current international $)",NY.GDP.PCAP.PP.CD,5431.388279,5646.187146,6098.966116,6238.795875,6286.196595,6613.982839,6394.375803,6079.764271
Kosovo,XKX,"GDP per capita, PPP (current international $)",NY.GDP.PCAP.PP.CD,8649.449499,9357.135136,10007.68923,10436.16885,11012.10966,11796.15331,11292.86265,13055.90078
"Yemen, Rep.",YEM,"GDP per capita, PPP (current international $)",NY.GDP.PCAP.PP.CD,,,,,,,,
South Africa,ZAF,"GDP per capita, PPP (current international $)",NY.GDP.PCAP.PP.CD,13556.03282,13581.75528,13696.16357,13950.45348,14324.54504,14436.83264,13517.78059,14624.41517
Zambia,ZMB,"GDP per capita, PPP (current international $)",NY.GDP.PCAP.PP.CD,3463.420045,3352.524885,3322.578918,3395.479686,3507.79523,3514.688008,3358.005322,3555.920229
Zimbabwe,ZWE,"GDP per capita, PPP (current international $)",NY.GDP.PCAP.PP.CD,2561.728799,2615.090301,2724.452742,2331.780833,2456.948771,2296.390269,2099.320459,2323.687257
